标题,摘要,标签,情感
自然语言处理技术方法研究进展与发展趋势综述,自然语言处理（NLP）作为实现人机语义交互的核心技术，其方法体系经历了从统计学习到深度学习， 再到预训练范式的演进，持续推动认知智能系统的发展。文章系统地梳理了自然语言处理技术的三重演进阶段： 从统计方法奠定语言建模理论基础，到深度学习方法在语义表示学习方面取得突破性进展，再到预训练范式通过自监督学习实现跨任务知识迁移，揭示了各阶段的代际差异，特别剖析了当前面临的模型鲁棒性、语义边界问题以及模型参数量大等关键挑战。针对发展需求提出了提升模型鲁棒性、提高模型语义理解和推理能力以及开发高效轻量级NLP模型的新路径等重点研究方向，为后续理论探索和技术实践提供重要参考依据。,自然语言处理,积极
自然语言处理中对抗攻防的可解释性综述,针对深度学习模型安全性面临的巨大挑战，特别是易受对抗样本攻击的问题，整理近年来对抗样本与模型可解释性方面的研究进展．通过系统梳理对抗攻击和防御相关的可解释性研究，分析对抗样本的生成方法及其对模型决策过程的影响，并讨论防御对抗攻击时采用的可解释性技术和提升模型鲁棒性的方法．重点阐述了近年来对抗样本对模型分类结果的影响，可解释性技术在揭示模型决策过程脆弱性方面的有效性，以及结合可解释性的防御方法在提升模型鲁棒性方面的进展．为可解释性研究提供有价值的参考，推动深度神经网络模型在自然语言处理等领域的安全性研究．,自然语言处理,积极
基于自然语言处理的郊野公园景观多维感知研究——以上海7个郊野公园为例,郊野公园在提供居民自然野趣环境的同时，赋予居民丰富多元的感官感知体验。以上海市7个郊野公园为研究对象，运用Word2Vec词向量模型和情感倾向分析识别景观元素与感官感知并计算情感值，通过对应分析将郊野公园、景观元素和感官感知联系起来，探究景观的整体多维感知特征，并进行不同郊野公园的优势感官维度差异性分析。结果表明：在14种景观元素和5种感官维度中，访客对植物景观和视觉感知的感知程度最高；视觉与植物关联最紧密，听嗅感知来源于植物、动物和气象景观，触觉与动物、气象和设施类景观关联，味觉相对独立；7个郊野公园在5种感官维度上各有相对优势，访客对各郊野公园景观的优势感官感知与偏好存在明显的月际变化差异。以提高公园优势感官满意度、提升访客感知丰富度、打造四时景观为目标，提出郊野公园景观优化建议。,自然语言处理,积极
人工智能与自然语言处理的融合探索,随着人工智能（AI）技术的快速发展，自然语言处理（NLP）作为其核心应用之一，正在深刻影响多个行业。本研究探讨了AI与NLP的融合应用，重点分析了深度学习、强化学习及预训练模型在NLP中的重要作用。 回顾了人工智能的发展历程与主要技术，包括机器学习、深度学习、强化学习等。分析了深度学习在文本分类、 情感分析和机器翻译中的应用，特别是卷积神经网络（CNN）、循环神经网络（RNN）和Transformer架构。讨论了强化学习在对话系统和文本生成中的应用，展示了其优化文本生成质量的优势。结合预训练模型和迁移学习， 阐述了如何利用BERT和GPT模型提升NLP任务的表现，特别是在低资源语言处理中的应用。研究表明，AI与NLP 的融合正推动着自然语言处理技术的进步，未来有望进一步提升机器理解和生成自然语言的能力。,自然语言处理,积极
新工科人才培养背景下自然语言处理课程资源库建设的挑战与应对策略研究,在新工科教育背景下，自然语言处理课程资源库建设对于培养多学科融合人才至关重要。该文分析了国内外高校资源库建设的现状及差距，指出了内容更新滞后、资源形式单一等问题，并梳理了资源库建设面临的挑战，包括内容模块化设计、学科间逻辑协调以及技术平台支持的复杂性。为此，提出构建高效、智能的技术支持平台，通过云计算与大数据技术优化资源管理和用户体验，并推动资源共享与合作机制的建立，以满足多样化的教学需求，最终为新工科教育提供有效路径，支持高校现代化教学改革与复合型人才的培养。具体策略包括：多元化资源整合，例如：文本、音频、 视频、案例库等；智能化平台搭建，例如：个性化学习推荐、自动评估系统等；以及合作共享机制的建立，例如：校企合作、 跨院校资源共享等。,自然语言处理,积极
基于YOLO和自然语言处理的施工方案智能审核方法,建筑施工方案的人工审核存在重复性高、耗时费力且占用专家资源等问题。为提升审核效率，促进企业智能建造发展，提出一种施工方案智能审核方法，通过审核规则编制、向量模型构建及图像文字识别技术结合，实现多类型方案智能审核。审核规则基于集团技术文件和历史审核意见样本，经历史高频审核意见筛选与专家研判后，采用正则表达式技术进行逐条编制。研究构建了基于语义相似度比对的审核模式，将方案文本内容嵌入向量空间，通过计算向量余弦相似度实现语义比对，从而提升审核灵活性与容错性。同时，引入基于YOLO 的图像文字识别技术，处理文档图片中的文字内容，确保审核全覆盖。实验结果显示，系统平均审核准确率达90.4%， 审核时间效率较人工提升87.9%，且能处理多种格式文本输入，具备良好鲁棒性，显著提高审核工作效率，对企业数字化转型与智能建造技术普及具有重要推动作用。目前，搭载此审核技术的平台已在集团多家分公司与项目应用测试，能生成准确的审核报告，实现审核效率显著提升。,自然语言处理,积极
基于自然语言处理的高职院校线上智慧教学平台设计,为了提高用户交互体验与教学效果，文章设计了基于自然语言处理的高职院校线上智慧教学平台设计。硬件方面，注重高性能与稳定性，支持多种类型的终端设备接入。软件方面，包含交互式界面、课程智能推荐模块及线上智慧教学考评。其中，交互式界面致力于提升用户友好性；基于自然语言处理的课程智能推荐模块根据学生兴趣和学习历史，精准推送课程内容；线上智慧教学考评则实现动态、全面的学习效果评估。测试结果显示，在传输大文件时，该方法的帧速率更加稳定且整体更高， 平均交互率97％以上，显著提升了用户交互体验和教学效果。,自然语言处理,积极
基于自然语言处理的社交媒体信息个性化推荐,受到用户互动行为限制与时间序列不连续不稳定的影响，用户在社交媒体中的实际行为数据较为稀疏，导致推荐过程中对特异性数据的敏感性增加，降低了个性化推荐的准确性，因此，提出基于自然语言处理的网络社交媒体信息个性化推荐方法。采用模糊聚类方法挖掘分词，基于自然语言处理对网络社交媒体分词进行融合；利用传递闭包法聚类，得到最小模糊等价矩阵，通过信息增益法，提取稀疏性数据下用户特征；设定隐语义矩阵的损失函数，使用随机梯度下降来迭代更新隐语义矩阵，获取隐语义矩阵预测得分；使用随机梯度下降求导并更新用户特征矢量，实现网络社交媒体信息个性化推荐。实验结果表明：应用所提方法对网络社交媒体进行信息个性化推荐时，实现了平均UV点击率为7.18%的显著提升，最高F1值达到0.78，同时用户满意度超过90%，说明上述方法推荐准确性较高，对于网络社交媒体信息个性化推荐效果较好。,自然语言处理,消极
国际图书情报领域自然语言处理研究综述及展望,"通过量化分析2014—2023年国际图书情报领域自然语言处理研究的相关文献,了解该领域研究发展的现状、热点并展望其发展趋势。基于WebofScience核心合集筛选出的1007篇相关文献,运用CiteSpace对发表时间、学科分布、作者分布、国家分布、关键词进行可视化处理和分析。国际图书情报领域自然语言处理研究呈现出发文量逐年递增、学科交叉特点显著、稳定的研究群体以及核心作者产出不足等特点。研究发现,图书情报领域自然语言处理研究主要集中在医学信息服务、数据挖掘与处理、网络舆情分析、生成式人工智能等领域,未来该领域发展将更加关注跨学科的智能信息服务、智慧图书馆的发展以及智能数据服务的创新应用。",自然语言处理,积极
基于自然语言处理的医疗空间知识图谱构建研究,医疗需求和医院建设不断扩增的背景下，医院设计和医疗空间组织面临复杂性挑战，需要结合人工智能方法和可视化技术进行研究。本文全面归纳医疗空间的实体和关系类型，建立医疗空间文本语料库，然后通过自然语言处理进行命名实体识别和关系抽取，构建医疗空间知识图谱，并提出相应的应用展望，为医院建筑设计管理、医疗空间功能优化提供参考。,自然语言处理,积极
自然语言处理技术在电子病历文本数据提取中的应用,随着医疗信息化的发展，电子病历已成为医疗领域的核心资源。然而，由于电子病历中蕴含着大量的非结构化文本信息，利用传统的数据处理技术无法有效解析和提取这些信息，因此，如何有效地利用、理解并从复杂的非结构化文本信息中提取信息变得尤其重要。自然语言处理 （Natural Language Processing，NLP）技术作为人工智能领域的一个重要分支，近年来受到了广泛的关注和应用，本文以我院在单病种质量控制上报系统中提取电子病历中文本数据为例，探讨自然语言处理技术在电子病历文本数据提取中的具体应用。,自然语言处理,积极
自然语言处理技术在“情指行”一体化中的应用,本文介绍了“情指行”一体化工作的背景、要求；阐述了该项工作当前在情报整合、 数据深度利用等方面普遍存在的痛难点堵点；分析了作为技术支撑手段的自然语言处理相关技术在“情指行”一体化实战平台中的应用场景；通过若干信息化、数字化平台的建设案例对应用成效进行了分析，并结合技术发展趋势对自然语言处理技术在“情指行” 一体化工作未来的应用和改进方面提出了针对性的建议。,自然语言处理,积极
从传统自然语言处理到大语言模型电子病历生成技术的探索,目的／意义探讨并展望大语言模型应用于病历文书生成的效果和关键技术，以提升临床工作效率。方法／过程综述病历文书生成技术发展历程，从传统自然语言处理方法到深度学习方法，再到大语言模型创新应用，并探讨关键技术路线。结果／结论未来研究方向主要包括基于上下文学习的病历文书生成、基于检索增强生成的病历文书生成及基于混合专家模型的病历文书生成技术。,自然语言处理,积极
自然语言处理在失语症康复中的应用研究进展,"失语症是大脑损伤导致的语言障碍,多由脑卒中引起。失语症患者在语言的所有方面均可能产生功能障碍,导致生活质量下降。自然语言处理( NLP)将计算语言学(基于规则的人类语言建模)与统计和机器学习模型相结合,使计算机和数字设备能够识别、理解和生成文本和语音。因此,使用NLP来提供新的失语症康复评定及治疗方案是目前该康复领域的研究热点。文章主要就目前NLP在失语症康复过程的语言学基础、康复评估、康复治疗等方面的最新研究进展进行综述。",自然语言处理,积极
基于自然语言处理的崆峒诗歌诗境建构分析,"将咏颂崆峒山诗歌作为一个整体,使用数字人文的方法进行分析崆峒诗歌的诗境建构是一种新视角与新方法的尝试.首先运用自然语言处理的方法将崆峒诗歌的景观要素进行统计;而后进行分类归纳: 崆峒诗歌在景观要素上可分为宏阔地域景观与微观崆峒景点的自然景观,以天、山、水、生四类的景观为核心要素;和道释儒三家的人文景观,以建筑、神仙、俗世、仙禽、丹药、传说等类为核心要素.在诗境建构上:基础景观构成了崆峒诗歌的物境;加上隐含其背后的崆峒山历史和文化背景,生成了崆峒诗歌的意象;崆峒诗歌的意象组合最终构成了整体崆峒诗歌的诗境.使用语义共现网络分析的方法可以直观看出崆峒诗歌诗境的建构出的诗境:以风光游赏中的闲适诗境、释道熏染下的超脱诗境、儒家底色下的用世诗境等三种崆峒诗境最为典型.",自然语言处理,积极
基于自然语言处理的智能客服系统研究与实现,文章研究并实现了一个基于自然语言处理（Natural Language Processing，NLP）的智能客服系统，系统设计涵盖用户界面、自然语言处理、数据库、自动化决策和集成接口五大模块。采用预训练语言模型（如BERT）进行意图识别， 使用BiLSTM-CRF模型进行实体抽取，确保对话管理的连贯性和有效性。系统通过自然语言处理技术实现了自动化的用户请求处理，能够提升客服效率和服务质量，为企业降低成本、增强市场竞争力提供了重要支持。,自然语言处理,积极
基于自然语言处理的软件开发系统分析,尽管现代的NLP模型在处理文本方面取得了巨大进步，但它们在理解复杂编程概念和上下文方面的能力仍然有限。为实现对用户需求的精准理解和解析，本文详细剖析基于自然语言处理的软件开发系统的关键技术，并通过实验验证该系统在语义理解能力、代码生成精度、性能优化与鲁棒性等方面的表现，以期揭示并强化自然语言处理技术在软件开发生态系统中的关键作用，推动软件开发模式从传统的人工编码向更为智能、灵活、高效的方向转变。,自然语言处理,积极
基于自然语言处理的“双碳”政策知识图谱构建及应用,"“双碳”政策具有发布数量多、覆盖范围广、内容复杂多样等特点,现有的呈现方式难以满足知识检索和内在分析的需求。以2 953条“双碳”政策文本为数据源,提出了一种基于自然语言处理的“双碳”政策知识图谱构建方法,首先构建了知识图谱模式层,定义了“双碳”政策实体、属性和关系,之后采用Text Rank关键词抽取、LDA主题建模等算法提取政策实体、属性及关系,构建了知识图谱数据层,最终将〈实体,关系,实体〉三元组存入Neo4j图数据库,形成“双碳”政策知识图谱。所构建的知识图谱包含2 048个实体节点和32 336条关系,可通过Cypher语言实现不同细粒度政策实体和关系的关联查询与可视化,挖掘“双碳”政策中的关键语义信息和政策热点,还可为智能服务提供语义增强功能,提高“双碳”政策推荐系统的效率和政策问答系统的准确度。",自然语言处理,积极
基于自然语言处理的智能对话系统研究,随着人工智能技术的快速发展，自然语言处理和智能对话系统已成为研究热点。文章概述了自然语言处理的基础知识和智能对话系统的架构，分析了当前智能对话系统存在的主要问题，包括语义理解的局限性、上下文连贯性的缺失以及个性化服务的不足。针对这些问题，文章提出了基于新技术的优化策略，包括利用深度学习增强语义理解， 采用强化学习优化对话策略，以及通过用户画像驱动个性化服务。,自然语言处理,积极
自然语言处理技术在企业审计中的应用研究,"随着大数据和人工智能技术的快速发展，自然语言处理（NLP）技术逐渐应用于企业审计领域，极大地提高了审计工作的效率和质量。本文以NLP领域中的生成式人工智能技术（如ChatGPT）为研究对象，探讨其在企业审计领域的应用现状及影响。在信息化时代，人工智能技术已成为推动企业管理与审计创新的重要力量。企业审计作为公司治理与风险管理的重要环节，面临着数据量大、非结构化数据处理困难等挑战。作为人工智能的重要分支，自然语言处理（Natural Language Processing, NLP）技术通过对文本数据的理解、分析和生成，为解决传统审计中数据处理效率低、非结构化数据利用不足等问题提供了新的技术路径。特别是生成式人工智能语言模型 （如OpenAI的ChatGPT）为代表的自然语言生成技术，凭借其强大的语言理解与生成能力，在信息挖掘、数据分析及报告生成等方面表现出显著优势。",自然语言处理,积极
自然语言处理:基于大语言模型的方法,"该书以时间发展为主线,从自然语言处理与神经网络的基础知识讲起,沿着预训练语言模型的发展轨迹,系统性地探讨了语言模型、预训练词向量和预训练语言模型等方法,继而深入介绍大语言模型的预训练、适配、应用、对齐、评估等关键技术环节,以及代码预训练、多模态预训练和具身预训练等延伸技术,全面和深入地分析了发展方向。",自然语言处理,积极
自然语言处理的深度学习模型综述,模型作为自然语言处理的关键，直接关系到最终性能。该文介绍自然语言处理中涉及到的模型。按照规则与统计的方法从发布时间、特点、优缺点与适用范围等方面对传统自然语言处理模型进行介绍；重点将神经网络依据不同的技术划分为不同的类型，对每种类型进行介绍并总结其相应特性；对以BERT为基础的两大类改进模型进行具体介绍并对每种模型进行归纳；分析目前自然语言处理模型面临的挑战与对应的解决办法；对未来工作进行展望。,自然语言处理,积极
基于人工智能的自然语言处理技术分析,阐述自然语言处理技术的应用，包括词向量计算、语言模拟、语义理解和对话系统。通过深度学习模型优化，提升用户体验和促进人工智能技术发展。自然语言处理技术为智能交互系统提供支持。,自然语言处理,积极
自然语言处理技术在中医临床知识库中的应用,中医学拥有悠久的历史和深厚的文化积淀，但传统文献与临床数据的非结构化存储方式严重制约了中医知识的传承与利用效率。为解决这一问题，本研究采用自然语言处理技术，对中医领域的文本数据进行系统化、结构化处理，旨在构建智能化的中医临床知识库。通过多源数据采集、语料库构建及语义关系标注，本研究实现了中医文本的语义抽取和标准化表达。知识库的框架设计融合了临床辅助决策、教学支持和科研应用功能，并具备动态更新能力。在实际测试中，该知识库显著提升了中医诊疗效率和科研分析水平，同时为教学实践提供了高效的知识支持。研究成果为中医药现代化发展提供了可靠工具，具有显著的推广价值。,自然语言处理,积极
多模态自然语言处理技术在智能文档管理中的应用,在信息技术迅速发展的今天，智能文档管理系统成为了院校和企业高效处理文档信息的关键工具。多模态自然语言处理（NLP）技术，通过结合文本、图像、音频等多种数据类型，提供了一种全面理解和处理文档的方法。首先，介绍了多模态自然语言处理技术的基本概念和智能文档管理的需求。然后，详细阐述多模态技术在文档管理中的具体应用，包括多模态数据整合的技术框架、智能文档自动分类、文档检索系统优化，以及内容摘要的生成方法。最后，通过技术应用测试展示了这些方法的实际效果和潜在价值。,自然语言处理,积极
基于自然语言处理的代码自动注释生成算法研究,"本文针对现有代码注释存在的问题,提出了一种基于自然语言处理的代码自动注释生成算法。该算法集成词向量表示、序列标注、注意力机制和注释生成等多个模块,实现了从源代码到注释文本的自动化转换。实验结果表明,该算法在准确性、实时性和通用性方面具有显著优势,有效提高了代码的可读性和可维护性。本研究为软件开发过程中的代码注释自动化提供了新的思路和方法。",自然语言处理,积极
企业社会责任文本信息操纵与ESG评级分歧———基于自然语言处理技术的分析,以2011—2020年A股上市公司社会责任报告为样本，运用自然语言处理方法提取文本信息特征，考量企业社会责任文本信息操纵行为对ESG评级分歧的影响。结果显示：企业社会责任文本信息操纵程度越大，ESG评级分歧越大。机制检验发现，企业社会责任文本信息操纵会加剧信息不对称，加深第三方评级机构对私有信息的依赖，导致ESG评级分歧。鉴于此，建议制定统一的ESG信息披露细则，加强对企业社会责任信息披露的监管和验证。,自然语言处理,消极
自然语言处理在高等教育研究中的应用,作为以语言为研究对象的计算技术集合，自然语言处理技术凭借其在处理大规模文本信息、实现文本自动分类、自动化标签提取等领域的强大功能，正日益受到人文社科研究人员的关注。高等教育研究需要从庞大复杂的知识库中提取和分析数据，不断审视已有知识和知识生产过程。充分发挥自然语言处理技术的优势，可以优化高等教育研究。本文梳理了自然语言处理技术在文本分析中的应用和相关前沿研究，分析了自然语言处理技术如何助力高等教育研究的问题，指出了自然语言处理技术在高等教育研究领域的应用方向。研究指出，既有融合自然语言处理技术的高等教育研究，在数据分析深入程度、准确性及结果可靠性等方面表现出色。自然语言处理技术对提高高等教育研究效率、深化研究主题、拓展理论与实践边界、构建自主知识体系，具有重要意义和价值。,自然语言处理,积极
人工智能赋能数字艺术创新实践——自然语言处理下二进制美学的新图景,AI（人工智能）技术的快速发展，正在对包括艺术创作在内的内容生产领域产生影响。作为探究AI技术在数字艺术创新中应用的实践案例，“自然语言处理下二进制美学的新图景”项目采用自然语言驱动范式，创造出融合二进制美学意蕴的视觉图景。 NLP（自然语言处理）和AIGC（人工智能生成内容）技术的融合正在开辟数字艺术的新疆域，但仍面临一些挑战。推动AI艺术的可持续发展需要坚持以人为本，将技术创新与伦理规范并重，深化多方协同，重塑艺术教育理念。,自然语言处理,积极
基于自然语言处理的国内财务大数据分析研究热点分析,财会“大智移云物”时代到来，传统财会人才培养也面临相应变化，财务大数据分析是适应未来财会人才需求的一项基本能力。本文力图利用人工智能中自然语言分析技术与大数据可视化技术，以CNKI近年来发表的大数据财务分析文献为研究对象，通过LDA技术提取主题大类，再结合TF-IDF、关键词共现网络进一步开展主题大类的细分，提炼其中研究热点， 提出相关建议，以期为进一步促进财务人员大数据分析能力培育成效提供一些思路。,自然语言处理,积极
基于自然语言处理的电力缺陷自动评级方法研究,现有电网的电力设备缺陷评级采用人工分类的方式，效率低且容易引入人为因素造成误分类和误评级等问题。提出了一种基于自然语言处理的缺陷自动评级方法及处置建议推送，根据电力设备缺陷文本的特点，提出基于树路径匹配算法的缺陷分类方法；针对缺陷分支定位问题，提出了基于文本相似度匹配的缺陷分类方法，对树路径匹配算法进行补充，同时实现处置建议推送。通过算例分析和测试， 验证了所提方法的可行性和有效性。,自然语言处理,消极
基于自然语言处理的枯草芽孢杆菌启动子强度预测,作为在转录水平上调节基因表达的关键元件，启动子的强度直接调控基因的表达水平。现有启动子强度预测模型多集中于大肠杆菌，针对其他物种启动子强度预测的模型则相对较少。本研究主要以枯草芽孢杆菌启动子为研究对象，收集多组枯草芽孢杆菌启动子序列强度数据，通过绿色荧光蛋白表达强度作为统一表征指标，对多组启动子强度进行标准化计算，构建枯草芽孢杆菌启动子强度数据集。分别使用7种自然语言处理方法，包括FastText、 TextCNN、TextRNN、TextRCNN、TextRNN_Att、DPCNN和Transformer，构建启动子强度预测模型。结果表明， Transformer模型在启动子强度预测任务中取得最好的预测效果，准确率可达79.49%。本研究自主构建了枯草芽孢杆菌启动子强度数据集，并使用自然语言处理的方法训练得到效果较好的启动子强度预测模型，研究结果可以为枯草芽孢杆菌特定强度启动子的筛选提供依据。,自然语言处理,积极
基于自然语言处理技术的跨媒体感知方法分析,阐述跨媒体感知与分析的特点，探讨自然语言处理技术在跨媒体感知与分析中的应用价值。提出基于自然语言处理技术的跨媒体感知与分析建议，包括对自然语言处理技术的重视、完善应用方案。,自然语言处理,积极
基于人工智能的自然语言处理技术分析,阐述人工智能以及自然语言处理的特点，分析自然语言处理工程中的人工智能框架。探讨基于人工智能的自然语言处理技术应用，包括搜索引擎、聊天机器人和机器翻译。,自然语言处理,积极
深度学习技术在自然语言处理中的应用,阐述深度学习技术在自然语言处理中的应用。通过构建深度神经网络模型，实现自动学习数据的层次化特征表示，为自然语言处理提供解决方案，包括文本分类、机器翻译、情感分析和问答系统等。,自然语言处理,积极
基于用户生成数据与自然语言处理的园林植物感知偏好研究——以武汉城市公园为例,城市公园是城市空间的重要部分，在生态、社会和经济等方面至关重要。园林植物作为主要物质空间要素，对公众身心健康有着积极的恢复和促进作用。但基于公众视角与用户生成数据对园林植物感知行为及偏好特征的深入研究较少。以武汉城市公园为对象，按照社交媒体平台优先推荐植物观赏类城市公园的原则筛选，挖掘并解译用户生成数据，借助自然语言处理算法揭示公众对园林植物的感知偏好特征及影响因素。研究表明，公众对植物的感知主要集中在植物种类、季相和植物印象3个方面。其中植物种类感知与季相、感官呈显著正相关，与公园情感得分呈负相关。平台推荐引导的植物感知重点和公众评论中的实际感知基本一致。最后，依据分析结果提出公园季相、观赏错峰、观赏种类创新、观赏植物科教4个方面的植物景观优化建议，为城市公园的园林植物配置优化、公众感知友好型城市公园规划设计等提供研究实证参考。,自然语言处理,积极
融合自然语言处理与机器学习的工单自动归类模型研究,"客户诉求工单是企业收集客户反馈的重要途径,对工单进行自动归类能够提升工作人员的办事效率。目前工单自动归类模型存在难以准确提取全局信息和读取速度较慢的问题。为了解决这些问题,研究结合了自然语言处理和机器学习技术,分别设计了结合注意力机制-双向长短时记忆网络双通道和卷积神经网络的归类模型和结合改进后自注意力机制-跳转门控循环单元和卷积神经网络的归类模型。结果显示,第一个模型准确率的最大值为 93.81%,第二个模型的均方误差平均值为1.37。研究设计归类模型的性能较好,能够为工单的自动归类提供技术上的支持。",自然语言处理,积极
入乎其内，出乎其外：基于自然语言处理的大学校训英译研究,校训是一所大学的精神表征和文化标志。本文选取“2022软科中国大学排名”中前100位的大陆高校的中文校训，以及“2022QS世界大学排名”中前100位的英语国家大学校训，收集校训平行文本语料。然后，利用Python编写自然语言处理代码，搭建词袋模型，对该平行文本语料进行分析对比。结果显示：在话语内容、结构形式、修辞手法等诸多方面，中国大学校训和英语国家大学校训存在显著差异。基于此，校训英译既要“入乎其内”，透彻理解中国大学校训和英语国家大学校训的迥异之处；又需“出乎其外”，按照英语国家大学校训在话语内容、结构形式、 修辞手法等方面的特点，依据英语国家的文化传统及受众审美需求，进行灵活调整和变通。最后，以江西理工大学校训“志存高远、责任为先”为个案，分析其英译文本“Vision and Action”的优点和不足。,自然语言处理,积极
基于自然语言处理（NLP）的生态环境准入清单政策内容分析,生态环境准入清单是生态环境分区管控制度的核心抓手，通过空间布局约束、污染排放管控、环境风险防控和资源能源利用效率控制等维度实现生态环境源头预防。生态环境准入清单存在政策文本庞大、管控措施多样、表达构成复杂特点，识别准入清单管控的对象、方式与力度是支撑生态环境分区管控政策实施的重要基础。本研究基于自然语言机器无监督学习技术对生态环境准入清单进行政策词汇模式挖掘并对政策文本设定多维定量化标签，应用自然语言深度学习模型对生态环境准入清单管控措施进行文本分类评估。河北省是我国产业门类最齐全、资源环境问题最复杂的省份之一，其生态环境准入管控具有典型性和代表性。以河北省生态环境准入清单的产业管控措施为例，识别了10类政策关键词特征、64项主要政策关键词，对全清单中对应关键词所在的语句覆盖率达95%；构造了24个管控措施-行业的分类标签，应用并比较了BERT、RoBERTa和 ALBERT深度学习模型对政策文本的分类识别效果，预测精度、召回率和F1得分最高分别可达到0.95、0.79和0.86，训练模型可较好地识别准入清单政策内容。结果显示河北省准入清单在管控措施明确化、具体化、定量化方面仍存在不足，产业精细化管控、考核指标型以及时限型内容有待补充和细化。本研究提出的方法具有较好的适用前景，建议在此基础上结合前沿人工智能方法，进一步提高模型自动处理效率、动态分析以及提供精细化政策调整建议的能力。,自然语言处理,积极
能力导向与问题驱动的自然语言处理课程改革,"针对自然语言处理课堂教学中学生学习兴趣不高、参与度较低等问题,结合自然语言处理课程本身的特点,可以采用“能力导向为指导思想,问题驱动为核心方法” 的策略进行教学改革。实践证明,通过转变教学模式,创新教学方法,能够有效激发学生的学习兴趣,引导学生探索、分析和解决问题,提高课程学习效率。",自然语言处理,积极
基于自然语言处理Gensim工具包LDA主题模型的参数设置分析,阐述基于自然语言处理Gensim工具包LDA主题模型的参数设置。介绍Gesnsim工具包中的 LdaModel函数的功能，分析各主要参数的含义并推荐设置技巧，为用户更好地使用主题模型提供帮助。,自然语言处理,积极
基于自然语言处理技术的产科电子病历质控流程构建,"目的：构建产科电子病历质控平台,优化电子病历质控流程和方法。方法：以上海交通大学医学院附属国际和平妇幼保健院产科电子病历为研究对象,分析当前电子病历中存在的问题并基于电子病历质控平台设计质控流程。结果：电子病历的结构化取得了较好成效,在产时总结中命名实体识别精确率超过97%,电子病历质控流程从多方面实现病历全生命周期质控。结论：电子病历质控平台具有广阔的应用前景,可有效提高病案质控人员的工作效率,为临床医疗数据的质量管理提供帮助。",自然语言处理,积极
计算机自然语言处理技术赋能自然科学的探究,"本文旨在探讨自然语言处理（NLP）技术如何赋能教育智能发展,探讨NPL技术在教育领域的应用现状以及其对未来智能教育发展的影响。通过分析NLP技术的关键发展趋势以及其在教育中的应用,预测其对教育领域的潜在影响。自然语言处理技术在多个教育应用场景中被广泛应用,其在教育领域的融合取得了诸多成果。NLP技术的引入为自然科学的教育提供了智能化、个性化的解决方案,未来的个性化教育将主要建立在师生充分交互的大数据获取基础上,通过对这些教育数据的统计分析,实现学生个性化评估反馈、以学定教、自动化辅导与答疑,并智能化推荐适合学生学习的自然科学内容,以提升学习效率与质量。",自然语言处理,积极
基于自然语言处理NLP初中人工智能项目式教学实践——以“向网络欺凌Say No”项目为例,项目式学习作为一种教学方式，以培养学生的综合实践能力为核心，可以有效促进学生综合素养的发展。 目前，项目式教学在中小学教育教学中已有了一定的应用， 但对项目式教学的研究和实践还不够深入。基于自然语言处理NLP技术的项目式教学具有多学科融合、任务驱动、 综合应用等特点，有助于培养学生解决实际问题的能力。 以“向网络欺凌Say No”项目为例，对基于自然语言处理 NLP技术的初中人工智能项目式教学实践进行研究，旨在为初中人工智能项目式教学实践提供可借鉴的案例与经验， 为中小学开展人工智能教育提供参考。,自然语言处理,积极
AIGC自然语言处理工具在提高英语教学方面的潜力研究——基于职业院校英语教师的视角 ,本研究探讨了AIGC自然语言处理工具在职业院校英语教学中的应用潜力。通过对26位英语教师的深度访谈，研究发现AIGC工具在语言学习中具有即时反馈、个性化学习路径和丰富资源等优势，有助于提高学生学习效率和兴趣。然而，教师们也指出了其在内容准确性、隐私安全和批判性思维培养等方面的不足。总体来看，AIGC工具作为传统教学的补充，具有显著教学增值潜力，尤其是在自动化评估和个性化教学支持方面，在日常教学过程中可合理应用AIGC工具，以增强学生学习体验并保持师生互动。,自然语言处理,积极
基于自然语言处理的智能病历质控系统的设计与应用,目的为解决传统病历内涵质控覆盖率不足、准确率偏低的问题，构建智能电子病历质控系统，提升病历质控质量。方法基于自然语言处理构建高度结构化的病历数据库，利用病历质控引擎对病历文书进行内涵质控，实现电子病历全覆盖、全自动、全过程的质控功能。并比较智能病历质控系统上线前后的住院甲级病历率、病历质控平均分和内涵缺陷项目占比，分析系统对病历质量的影响。结果智能病历质控系统上线后，住院甲级病历率（76.60%）高于上线前（68.70%），病历质控平均分[（567.68±30.11）分] 高于上线前[（550.01±46.78）分]，且差异均有统计学意义（P<0.001）；内涵缺陷项目占比较上线前明显下降（平均降幅3.52%）。 结论智能病历质控系统可辅助临床医生和质控员高效、准确地完成医院临床病历质量控制，提高医院病历质量和医院管理水平。,自然语言处理,积极
年报与分析师报告语调差异对权益资本成本的影响——基于自然语言处理技术,已有文献多聚焦单语调信息环境下投资者决策行为，而本文认为，信息是多元的，不同语调之间的差异也可能会对投资者决策产生影响。本文以2010~2021年我国沪深A股上市公司为研究样本，利用自然语言处理技术构建语调差异量化指标，研究年报与分析师报告语调差异对企业权益资本成本的影响。研究发现，年报与分析师报告语调差异越大，企业权益资本成本越高。进一步研究发现，信息不对称在两者之间发挥了部分中介作用。异质性检验发现，在非国有企业、分析师能力较强以及盈利能力较差的样本组中，两者关系更加显著。经济后果检验发现，年报与分析师报告语调差异提高了企业权益资本成本，从而降低了企业价值。,自然语言处理,消极
语料库语言学与自然语言处理技术的结合在大学英语阅读教学中的应用,大学英语阅读教学一直面临学生词汇量有限、阅读理解能力不足等问题。近年来，语料库语言学和自然语言处理技术的迅速发展为解决这些问题提供了新的思路。当前大学英语阅读教学存在许多问题。语料库语言学和自然语言处理技术结合应用于大学英语阅读教学具有很大价值。将二者结合应用的具体路径，包括基于语料库的词汇和语法教学、基于自然语言处理技术的阅读理解训练、智能阅读系统的开发等。通过语料库语言学和自然语言处理技术的有机结合，旨在提高大学英语阅读教学的针对性和有效性，培养学生的英语阅读能力。,自然语言处理,积极
自然语言处理技术在会计专业英语教学改革中的应用研究,全球化信息时代下，会计行业逐渐走向国际化，对会计专业本科毕业生的能力提出了新的要求，会计从业者可能需要跨越国界与不同文化和语言背景的人合作。会计本科专业人才培养需要注重学生的跨文化和多语言沟通能力等方面的培养。将自然语言处理（ NLP）技术应用到会计专业英语教学中，可以显著改善传统教育中存在的矛盾和问题。本文在总结分析了本科会计专业英语课程教学中存在问题的基础上，提出了将自然语言处理（ NLP）技术应用于会计专业英语课程教学的建议，并对实施措施进行了探索性分析。,自然语言处理,积极
基于轻量化迁移学习的云边协同自然语言处理方法,为了解决预训练语言模型（ PLMs）由于参数量过大而无法在边缘设备上运行和训练的问题，引入轻量化的迁移模块，并将迁移模块和大型预训练语言模型分离部署，实现高效的云边协同迁移学习框架.利用所提框架，可以在仅微调少量参数的条件下将大型预训练语言模型的表征迁移到下游任务，还可以进行跨领域的云边协同推理.多个领域的下游任务可以协同共享同一个预训练语言模型，能有效节省计算开销.任务可以高效地分离部署在不同的设备上，实现多个任务的分离部署和预训练模型共享.在4项公开自然语言任务数据集上进行实验验证，结果表明，该框架的性能表现能达到完全微调BERT方法的95%以上.,自然语言处理,积极
GRACE反演长江流域陆地水储量变化的机器学习降尺度方法研究,GRACE时变重力场反演陆地水储量变化（Terrestrial Water Storage Anomaly，TWSA）的空间分辨率有限（300- 500km），制约了其在中小尺度区域水循环和气候变化研究中的应用潜力。当前机器学习降尺度方法已有效应用于提高 GRACE TWSA的空间分辨率，但合理选取预测因子及其对机器学习模型性能的影响、以及降尺度结果的准确评估等问题仍需深入探讨。为此，以长江流域陆地水储量变化的降尺度处理为例，对比传统的水文模型降尺度方法和三种机器学习降尺度方法，即随机森林（Random Forest，RF）、极端梯度提升（eXtreme Gradient Boosting，XGBoost）、人工神经网络（Artificial Neural Network，ANN），将GRACE反演的长江流域空间分辨率为1°×1°的TWSA数据降尺度到0.25°×0.25° 和0.1°×0.1°空间分辨率。为了对不同降尺度方法进行评价，首先使用GLDAS水文模型的TWSA数据进行闭合模拟实验， 以评估不同降尺度方法的性能；其后对GRACE获取的TWSA数据降尺度处理，并采用水文站水位数据全面评估不同降尺度方法性能和结果。研究结果表明：机器学习降尺度方法的性能受到预测因子数量的影响，随着预测因子数量的增加降尺度性能也会持续增强，但三种机器学习模型之间的降尺度性能优劣也会发生改变，并且采用偏最小二乘回归分析模型得到的重要性较高的前6个预测因子（NDVI、土壤湿度、降水、气温、径流和U形风）已经在机器学习降尺度中取得较好的效果，增加更多的预测因子对降尺度性能的提升相对较小；RF和XGBoost降尺度方法的性能表现较好且非常接近，而ANN和水文模型降尺度方法的效果略差。此外，传统水文模型降尺度的结果依赖于水文模型与TWSA数据的相关性，而机器学习降尺度方法能够更好地融合多种水文、气象和植被等辅助数据（尤其是重要性较高的预测因子）的变化特征，因而可以更好地恢复中小尺度精细的TWSA信号。,机器学习,积极
大型结构风效应流固耦合机器学习研究进展,随着计算技术与数据科学的迅速发展，机器学习为解决大型结构风效应中复杂流固耦合问题提供了全新的研究范式。本文系统综述机器学习在大型结构风效应领域的研究进展，涵盖了结构表面风压预测、结构风致响应分析与建模、气动力方程智能识别以及基于强化学习的结构振动控制四个主要研究方向。具体而言，结构表面风压预测方面， 机器学习能够精准地挖掘结构表面复杂非线性风压场特征；结构风致响应分析与建模中，机器学习有效实现了大型结构异常大幅振动识别与精细化建模；对于气动力方程智能识别领域，基于数据驱动的机器学习方法大幅提高了非线性方程识别的自动化程度与准确性；在结构振动控制方面，强化学习实现了实时、高效的主动控制策略优化。然而，当前研究在数据融合、模型泛化性与物理可解释性方面仍存在明显不足。未来的研究需进一步融合物理机制与数据驱动模型，构建具备高泛化性、鲁棒性和物理解释能力的机器学习模型，推动结构风工程进一步智能化发展。,机器学习,积极
高精度职业性慢性铅中毒筛查:机器学习增强的LIBS技术应用,"职业性慢性铅中毒是一种逐渐发展的病症,因早期症状不典型而忽略致使铅累积并发展为重度铅中毒,严重威胁着职业群体的身体健康及生活质量。尽管现有技术(如原子荧光光谱)已应用于现场即时监测,但其复杂的设备结构和分析时间限制了快速原位检测的普及。激光诱导击穿光谱(LIBS)作为一种新兴的检测手段在元素分析领域展现出巨大的潜力和应用前景。采用LIBS技术结合机器学习算法,证明了职业性慢性铅中毒类别快速诊断的可行性。优化了全血样品制样方法,提出超声处理可使全血基质分布更加均匀从而缓解激光作用于干燥血液时的样品碎裂问题。相比滤纸、石墨和硼酸基板,载玻片是最合适的基板类型。探讨了不同LIBS实验参数对铅元素特征谱线信号强度与信背比的影响。采集了不同类型职业性慢性铅中毒的模拟血液LIBS数据,利用主成分分析(PCA)提取特征实现数据降维。采用10折交叉验证和支持向量机(SVM)、反向传播神经网络(BPNN)构建慢性铅中毒类别诊断模型。两种模型的识别准确度均达到 90%以上,为低浓度铅元素光谱弱,传统方法难区分问题提出了解决方案,并且BPNN模型表现出优异的诊断效果,分类准确率和精确率分别为95.56%和96.08%。结果表明:基于机器学习的LIBS技术可实现全血中铅元素超标的及时筛检,为快速准确筛查血铅异常值提供了辅助检测方法,为职业性慢性铅中毒的诊断补充了临床依据。",机器学习,积极
国家级超算布局、数智创新生态系统韧性和低空经济领域技术创新———基于BERTopic模型和双重机器学习的实证研究,为验证国家级超算布局如何通过驱动数智创新生态系统韧性提升间接影响低空经济领域技术创新成果数量、质量及技术部门多元化发展，本文基于BERTopic主题模型从低空经济领域发明专利文本中提取出系统架构与智能控制等20个细分技术主题，以及飞行器导航与控制系统等5个技术大类主题（技术部门）；构建包括遗传繁衍、结构冗余、功能升级、栖息适应、锁定破解5个维度的数智创新生态系统韧性评价体系，采用双重机器学习模型对2011 ～ 2023年30个省域的面板数据进行实证分析，结论如下： （1）国家级超算布局能够显著促进区域在低空经济领域的技术创新数量和技术创新质量； （2）国家级超算布局能够通过促进数智创新生态系统韧性，间接促进低空经济领域飞行器导航与控制系统、飞行器激光与光电检测技术、结构动力与任务执行系统、智能巡检与监控系统4个技术大类主题的技术创新， 但对消防救援无人机系统这一典型场景驱动的技术创新作用不显著； （3）遗传繁衍等5个维度都能够在国家级超算布局和低空经济领域技术创新之间发挥机制效应，但部分机制路径当前不具备可推广性。,机器学习,积极
机器学习技术在航空材料领域的应用,机器学习技术在航空材料领域具有广阔的发展前景，并在材料选择、设计和优化等方面发挥着重要作用。首先简要论述机器学习技术在航空领域中的优势和潜力，概述机器学习的技术发展、算法类别和特征及其局限性，介绍机器学习在科学研究中，特别是复杂材料数据形式下的常规的或潜在的应用。其次，主要关注机器学习在航空材料领域的研究现状，探讨近年来利用机器学习辅助高温合金材料、高强度结构材料、热防护涂层材料及功能与智能材料的研究进展，并阐述机器学习驱动航空材料研究的策略和方法。最后，对机器学习辅助航空材料研发所面临的挑战进行展望，通过推动数据资源的开放共享、深化领域知识和物理规律在机器学习模型中的融合，以及不同类型数据的特征一致性转换，助力航空材料研究向大数据驱动的材料科学第四范式转型。,机器学习,积极
机器学习指导下的椎间盘组织工程体系预测模型建立,[目的]通过多种机器学习方法建立多特征参数对椎间盘支架生物学效应的预测模型，以降低实验试错成本，实现椎间盘退行性病变组织工程治疗的高效化。[方法]基于近10年（2014—2024年）椎间盘支架相关材料、工艺、细胞培养数据，构建特征多维、标签多样的综合数据集，进而采用岭分类器、高斯朴素贝叶斯（ Gaussian NB）、线性判别分析（LDA）、高斯过程分类器（GPC）等21种分类算法，评估各模型在数据集上的预测性能。[结果]多数分类模型在本数据集上的预测一致性较好，且运行时间较短；其中，基于岭分类器算法构建的机器学习模型能对支架上的细胞行为进行最准确的预测。而通过进一步的模型可解释性分析，可以获知各支架特征参数生物学效应的方向和程度，从而使该模型具有较高的推广价值。[结论]机器学习方法对于椎间盘组织工程体系的开发具有指导意义，通过恰当的模型构建，研究人员可以有针对性地进行特征组合，从而简单快捷地设计出具有良好生物学活性的支架。,机器学习,积极
基于MRI影像组学⁃深度学习特征预测较低级别胶质瘤ATRX突变状态,目的　利用多参数MRI影像数据构建一种多尺度特征联合模型，以非侵入性地预测较低级别胶质瘤 （LGG）患者的α地中海贫血／智力低下综合征X染色体连锁基因（ ATRX）突变状态。 方法　 回顾性搜集经病理证实为LGG患者的临床、影像及病理资料。基于多参数MRI，结合影像组学特征和resnet50架构的2． 5D深度学习特征，构建LGG患者的ATRX突变状态的预测模型。通过特征筛选、机器学习算法的应用，并结合临床变量，构建临床⁃影像组学⁃深度学习的nomogram模型。 结果　最终纳入186例患者，其中ATRX阳性135例，ATRX阴性51 例。提取了10530个影像组学特征及32个深度学习特征。经过筛选和特征降维，保留了20个影像组学⁃深度学习特征。在多种机器学习模型中，多层感知机模型表现最佳，其在训练组和验证组的曲线下面积（ AUC）分别为0． 94 和0． 90。结合临床变量构建的nomogram模型在训练组中的AUC为0． 95，其显著优于单纯的临床模型和影像组学模型。 结论　本研究通过多参数MRI提取瘤体及瘤周的影像组学和深度学习特征，构建了预测ATRX状态的模型，表现出优异的诊断效能。其对于低级别胶质瘤的诊断、治疗和预后评估具有重要的价值。本研究也展示了影像组学和深度学习技术在非侵入性地预测肿瘤分子状态中的潜力。,机器学习,积极
基于Python的生态学数据分析与机器学习实验设计,Python语言因其在生物数据分析中的广泛应用，已成为生物信息学实验的重要内容。本文基于珊瑚生存环境与分布的数据集，构建了一套整合Python数据分析与机器学习技术的实验框架，旨在探究盐度、温度等环境因子对珊瑚分布的影响，并评估随机森林、支持向量机等模型在珊瑚存在状态预测中的效能。对于调查数据的分析结果表明，珊瑚主要分布于低纬度地区，利用机器学习方法能够基于盐度、一月温度、六月温度，较准确地预测珊瑚存在状态。本实验设计为生态学数据解析提供了可复用的技术路径，其方法框架可扩展至其他海洋生物分布预测，并提供保护决策支持。,机器学习,积极
基于不同机器学习算法构建T2 WI影像组学模型预测宫颈癌放化疗疗效的对比研究,目的　探讨并对比基于机器学习多种算法构建T2 WI影像组学模型预测宫颈癌放化疗疗效的效能。 方法　回顾性分析符合入组标准的155例宫颈癌患者，采用ITK⁃SNAP软件在T2 WI图像上勾画肿瘤感兴趣区，通过 uAI Research Portal软件提取影像组学特征。依次采用最佳k特征算法（ SKB）、最小绝对收缩和选择法（ LASSO）筛选出最优特征集，分别采用逻辑回归（ LR）、高斯过程（ GP）、支持向量机（ SVM）、随机森林（ RF）4种机器学习算法构建T2 WI影像组学预测模型。绘制不同模型的受试者工作特征曲线，并计算曲线下面积（ AUC）、准确度、敏感度、 特异度和F1值评估模型的效能。 结果　通过T2 WI图共提取了2264个组学特征，依次采用SKB、LASSO算法降维筛选出最优特征集，包括boxsigmaimage ＿glcm ＿Maximum Probability、wavelet ＿firstorder ＿wavelet⁃HLH⁃Range、recur⁃ sivegaussian＿ngtdm ＿ Complexity、wavelet ＿ glszm ＿ wavelet⁃HLH⁃Gray Level Non Uniformity、wavelet ＿ glszm ＿ wavelet⁃LLL⁃ Gray Level Non Uniformity、wavelet ngtdm＿wavelet⁃HLH⁃Complexity。采用LR、GP、SVM、RF 4种机器学习算法构建 T2 WI影像组学模型，在训练集预测宫颈癌放化疗疗效的AUC值分别为0． 717、0． 716、0． 720、0． 860，在测试集分别为0． 730、0． 722、0． 709、0． 694。其中，LR模型具有最高的AUC值和F1值，其综合判别性能最佳，为本研究推荐的优选模型。 结论　基于机器学习多种算法构建的T2 WI影像组学模型对宫颈癌治疗反应预测均具有良好的预测效能，且LR模型可作为优选预测模型。,机器学习,积极
基于堆叠策略与深度学习的异常电量数据智能校核方法,针对部分电网公司存在的异常电量数据校核效率低下问题，文中提出了一种基于堆叠策略与深度学习的双层校核方法。首先，采用混合采样技术对输入数据进行综合预处理，有效解决了大型电力数据普遍存在的数据缺失与类别不平衡问题。其次，采用多种浅层机器学习模型作为基分类器，并基于堆叠策略对其进行融合，以充分发挥各基分类器的优势。再次，采用深度神经网络作为元分类器，寻找最优融合规则并输出最终校核结果，进一步提高了校核准确性。最后，在真实电力数据集上进行测试，结果证明了所提方法的有效性。,机器学习,消极
基于机器学习的“一带一路”倡议背景下中欧贸易运输碳达峰预测,针对“一带一路”倡议背景下中欧贸易运输的碳达峰问题，基于2013—2022年中国与欧盟26国贸易的面板数据，采用多种机器学习算法构建不同预测模型对中欧贸易运输碳达峰情况进行预测。首先，基于STIRPAT模型使用Lasso回归筛选“一带一路”倡议下中欧贸易运输碳排放影响因素；其次，使用五个机器学习算法对“一带一路”倡议下中欧贸易运输碳排放进行仿真预测，并采用R2、RMSE、MAE作为模型的评价指标对比各算法预测精度，来选定最佳预测模型。结果表明，中国和欧盟各国的经济水平、人口规模、产业结构和能源结构是“一带一路”倡议下中欧贸易运输碳排放的主要影响因素，GWO-SVR算法表现最优，可以作为预测算法，在现有情景下，大多数欧盟国家与中国的贸易运输碳排放水平难以在2030年实现达峰，需要在政策上进行调整以推动中欧贸易运输碳达峰。,机器学习,积极
基于机器学习的比特币非法交易检测综述,比特币的匿名性和去中心化特性使其成为非法交易的重要工具，给传统资金追踪和法律监管带来巨大挑战。为应对这一问题，研究者逐渐采用机器学习技术，通过强大的数据处理能力检测比特币网络中的非法交易。然而，现有研究多基于非标准化数据集，缺乏对比分析，难以实现实际应用。本文系统梳理了近年来基于机器学习的比特币非法交易检测研究，回顾了主要成果和技术进展，重点分析了数据准备、特征提取及分类算法的应用现状。通过仿真分析几种常用机器学习算法，并基于准确率、精确率、召回率和F1分数等指标对其检测性能进行了评估。研究发现现有方法在标准化和智能化方面存在不足，提出了算法智能化及多源数据融合的未来发展方向，旨在提升比特币非法交易检测的准确性和实用性。,机器学习,积极
基于机器学习的变压器油色谱分析监测系统研究,为提高对数字供电所变压器异常数据的识别准确性，提出一种基于气体关联分析的数字供电所变压器油色谱监测装置的偏差识别及系统搭建。首先，根据变压器油色谱监测装置中溶解气体的时序变化，采用滑动窗口算法对数据进行了曲线拟合；然后为实现数据符号化，采用k-means算法对气体数据进行了聚类分析；最后，采用Apriori算法对气体进行关联分析，并利用数据分段细化数据区间，实现了变压器油色谱监测装置的偏差识别与定位。算例分析结果表明，所提方法可有效追踪数字供电所变压器油色谱监测装置的群体偏差，且具有一定的有效性和准确性。,机器学习,积极
基于机器学习的超细HNS固相熟化预测模型,超细六硝基茋（HNS）因其优异的热稳定性和良好的高压短脉冲性能，在冲击片雷管等领域得以广泛应用。然而，在超细 HNS的使役过程中因其高表面能，易发生固相熟化。尽管已有研究从不同角度探讨了温度、残余溶剂和时间等因素对超细HNS固相熟化过程的影响，但这些研究大多集中于单一或少数几个因素的分析，尚未建立能够整合多种影响因素的预测模型。为此，研究基于先前通过小角X射线散射（SAXS）在不同温度条件和残余二甲基甲酰胺（DMF）含量下获得的比表面积（SSA）和相对比表面积 （RSSA）数据，采用机器学习方法以及优化的经验模型，构建了一个综合考虑时间、温度和残余DMF含量的预测模型结果显示，在训练集上，随机森林预测的R2达到了0.9989，多项式回归模型拟合的R2为0.9091，优化后的经验模型的R2为0.9129。通过对比这三个模型的预测效果，找出了最适合预测超细HNS固相熟化进程的模型。此外，通过纯度测试、扫描电子显微镜（SEM）等手段揭示了颗粒特性的差异对超细HNS固相熟化程度具有显著影响。本研究提供了一种预测超细HNS固相熟化进程的方法，为探索其熟化机理及优化贮存稳定性奠定了基础。,机器学习,积极
基于机器学习的低压铸造铝合金硬度预测研究,基于3 418条实际低压铸造铝合金生产数据，提出了一种结合多种机器学习算法的集成学习硬度预测模型。结合多种机器学习算法， 构建了一个多模型集成的硬度预测模型。通过对Lasso回归、支持向量回归（SVR）、K近邻回归（KNN）、梯度提升回归（GBR）、XGBoost 和Stacking模型进行比较，选取表现最佳的Stacking模型进行优化和验证。结果表明，Stacking模型在MAE、R²等指标上均展现出最优的表现。可解释的SHAP分析表明，Cu、Zn等元素对合金硬度的影响显著。,机器学习,积极
基于机器学习的高速铁路斜拉桥钢箱梁温度模式研究,为探究高速铁路大跨度斜拉桥钢箱梁的温度模式，基于商合杭高铁裕溪河大桥实测温度数据和数据库资料，通过机器学习方法，对钢箱梁温度受各类气象因素影响的模式、温度场的时间和空间分布规律开展研究。通过建立反映多种气象因素与钢箱梁日均匀温度映射关系的机器学习模型，分析各模型的优劣性和适用性，并得到影响钢箱梁日均匀温度的气象因素重要性排名；综合机器学习方法和指数拟合研究钢箱梁竖向温度分布模式。结果表明：气象因素对钢箱梁日均匀温度的影响重要性从高到低排名依次为气温、累积辐射量、气压、湿度、辐射强度、风向、水平能见度、风速、降水量，且温度的重要性远超其他气象因素；其中对钢箱梁日均匀温度影响最大的是2和3 h前的大气温度，反映了大气温度变化对钢箱梁日均匀温度的影响有2~3 h的滞后性；神经网络、 随机森林和XGBoost模型均能较为准确地对钢箱梁日均匀温度进行预测，其中神经网络模型的整体预测效果较好；钢箱梁负温差对气象因素的敏感度较低，与自身结构的热量传递模式相关性更大；指数函数能较高精度地拟合钢箱梁竖向最大正温差分布情况，其参数可通过机器学习方法确定，且不同参数分别具有不同的实际物理意义。研究结果为高速铁路大跨度斜拉桥钢箱梁温度结构的温度预测及分布模式提供了参考。,机器学习,积极
基于机器学习的极端风场短时预测研究进展与思考,随着全球气候的变化，极端风场短时预测已成为国际风工程领域的研究热点与学术前沿。在极端风场来临前， 精准预测原位风速对于工程结构安全预警与应急防护具有重要意义。传统数值天气预报方法是极端风场预测的有效手段，但由于空间分辨率不足、计算资源消耗大，其难以实现工程结构原位风速的实时预测。随着人工智能技术的快速发展，机器学习为解决上述难题提供了新思路，在极端风场短时预测中的应用越趋广泛，且展露出广阔的应用前景。据此，本文对基于机器学习的极端风场短时预测研究进展进行了综述。首先，回顾了时间序列模型、机器学习模型和混合模型在风场预测中的应用原理及其特点；其次，从良态强风、台风、雷暴风3种频发强风的角度，分类论述了常采用的极端风场短时预测方法，并对其优缺点进行了归纳总结。最后，针对极端风场短时预测的研究现状与挑战，阐述了作者对该领域未来潜在研究方向的思考。,机器学习,积极
基于机器学习的开源软件项目维护状态识别,"随着开源软件的广泛普及和迅速发展,对开源软件项目的维护工作成为软件开发周期中的一个关键环节.
作为全球范围内代表性的开发者社区, GitHub往往在同一领域有着大量功能相似的软件项目仓库,导致用户在选择合适的项目仓库进行使用或进一步开发时面临挑战,因此协助用户准确识别项目仓库的维护状态具有重要的现实意义.然而, GitHub平台并未提供可以直接衡量项目仓库维护状态的信息.提出一个基于机器学习的项目仓库维护状态自动识别方法,设计实现一套基于机器学习的分类模型GitMT,通过有效整合动态时间序列特征和描述性特征,可以实现项目仓库“活跃”与“未维护”状态的准确识别.经过一系列基于大规模真实数据的实验验证, GitMT 在项目仓库维护状态的识别任务中AUC值达到了0.964.此外,还构建一个以软件项目仓库维护状态为中心的开源数据集——GitMT Dataset: https://doi.org/10.7910/DVN/OJ2NI3.",机器学习,积极
基于机器学习的连续梁桥损伤识别研究,以某部分预应力混凝土四跨连续箱梁桥为背景，基于2种机器学习方法，进行连续梁桥损伤识别研究。建立三维车－路－桥耦合系统有限元模型，采用刚度折减法模拟梁体损伤，将桥梁应变差值最大值作为损伤识别指标，加入噪声并做归一化处理，得到损伤识别的训练集和测试集。分别采用BP神经网络和支持向量机（SVM）训练损伤位置与损伤程度识别模型，对比2 种训练方法的识别效果。结果表明，应变差值最大值作为损伤识别指标时，对损伤有较高的敏感性；BP神经网络模型的抗噪能力比SVM模型抗噪能力强，当噪声水平增大至20％时，BP神经网络模型的损伤位置识别正确率仍在90％以上，而SVM模型的识别正确率则降至75％以下；BP神经网络模型的损伤程度识别结果的RMSE远小于SVM模型的RMSE；BP神经网络模型的R2均等于1，而SVM模型的R2均略大于1。2种模型都可以识别桥梁的损伤程度，但是 BP神经网络模型比SVM模型的识别效果更好，抗噪能力更强。,机器学习,积极
基于机器学习的气象多因子影响浪高分析,为了解机器学习在海浪预测中的准确性，选取广东茂名浮标站2013年2月至2024年6月逐小时观测数据，应用机器学习方法分析了风速、气温、气压等气象因子对广东近海有效浪高的具体影响，并评估了10种机器学习模型在预测有效浪高方面的性能特点，结果表明：风速是SWH预测最重要的因子，气温和月份的影响次之；在单因子（风速）和多因子（风速、月份、气温）模型拟合两个实验中，支持向量机回归在两种拟合实验中均表现最佳，特别是在多因子拟合中，预测值的均方根误差约为0.31，相关系数高达 0.87，决定系数为0.74，显示出优秀的预测性能；轻量级梯度提升机回归则在预测稳定性方面与SVR相当。,机器学习,积极
基于机器学习的食管癌程序性细胞死亡相关基因预后模型的构建与应用,"目的:通过生物信息学方法评估程序性细胞死亡相关基因( programmed cell death related genes, PCDRGs)在食管癌( esophageal carcinoma,EC)中的预后价值,并从多个角度探索EC的发生发展机制及其免疫调节特性。方法:利用TCGA和GSE53622数据集,并结合下载的18种PCDRGs,结合10种不同的机器学习方法开发一种全新的预测模型,命名为“细胞死亡特征” ( characteristics of cell deaths,CDS)。通过模型筛选出7个与预后显著相关的基因,并对其与EC的关系进行了深入分析。结果:使用StepCox[ both] +RSF方法开发的PCDRGs预后模型显示了最优性能。CDS模型在预测EC患者的临床结果方面表现出显著的效能,并在 TCGA和GEO数据集中被证明为独立的风险预测因子。结论:本研究成功构建了一种新型的EC PCDRGs预测模型。该模型在进一步验证后,有望用于预测EC患者的预后及药物治疗的敏感性。",机器学习,积极
基于机器学习的土木工程结构损伤识别技术分析,为精确识别、评估土木工程结构在自然灾害与长期负荷下的损伤情况，本研究采用基于机器学习的技术方法，以震后建筑结构损伤检测为例，设计并实现了完整的损伤识别模型。该模型涵盖从数据预处理、特征工程到损伤特征提取的整个分析流程，进行了超参数的调整与优化。研究结果表明， 该机器学习模型在提高损伤识别的准确性、效率方面表现优越，能支持结构健康监测与紧急响应决策，研究成果充分展示了机器学习技术在土木工程损伤识别领域的应用潜力。,机器学习,积极
基于机器学习的我国男子抓举成绩预测模型及应用,"为探究举重运动中我国优秀男子运动员的抓举技术动作特征,构建抓举成绩的机器学习模型,通过三维运动解析法对前期在各大赛事中获取的303次抓举视频进行解析后,再利用BP神经网络和决策树2种机器学习方法对获取的72 720条数据进行了学习,构建了我国男子抓举成绩预测模型,并应用于运动员的抓举技术分析中.结果表明:含杠铃最大速度、杠铃最大下降速度、杠铃最大高度的决策树模型预测结果最佳,其训练集和测试集的R2分别为0. 960和. 0. 996.利用机器学习构建的抓举成绩预测模型可为运动员抓举技术的分析和提升提供新的评价方法,为运动员抓举技术的提升提供新的理论依据.",机器学习,积极
基于机器学习的学生预警模型研究,随着教育信息化的深入推进，海量教育数据的积累为教育决策带来了前所未有的机遇。作为教育管理的重要组成部分，学生预警在优化教育资源配置、提升管理效能方面发挥着至关重要的作用。但传统的学生预警方法在处理海量、多维度的教育数据时存在精度低、时效性差等问题。本文提出了一种基于机器学习的学生预警模型构建方案，旨在通过深度挖掘和分析教育数据，构建一个高效、精准的预警模型。,机器学习,积极
基于机器学习数据驱动的热塑性硫化胶力学性能影响机理,本文针对热塑性硫化胶（TPV）的力学性能进行了深入研究，以解决其相对于传统硫化橡胶存在的弹性问题。TPV以其突出的可回收性和优良的回弹性在材料科学领域具有独特的优势，然而相对于橡胶仍面临弹性不足的问题。本研究提出了一种综合的研究方法，即集成代表性体积单元 （RVE）模型和机器学习方法，用以全面研究TPV的力学响应。应用支持向量机（SVM）、卷积神经网络（CNN）和随机森林算法（RF）等机器学习模型对TPV的力学性能进行预测，并验证了模型的准确性。通过重要性分析和特征相关性分析，揭示了聚丙烯（PP）和三元乙丙橡胶（EPDM） 的弹性模量比对TPV性能的重要影响，并提出相应的调节理论。该研究对于理解和预测TPV材料性能有重要意义，为材料设计和工程应用提供了深刻见解。,机器学习,积极
基于机器学习特征选择技术筛选老年患者伏立康唑清除影响因素,基于机器学习算法筛选与伏立康唑清除相关的重要影响因素。方法　根据收集的接受伏立康唑治疗的老年患者临床数据集，应用过滤法、包装法和嵌入法3类方法中7种特征选择技术筛选与伏立康唑清除相关的重要影响因素，以机器学习算法中梯度下降回归（ SGDR）、套索回归（ LassoR）、岭回归（ RidgeR）、随机森林回归（ RFR）、极端梯度提升回归（ XGBR）、支持向量回归（ SVR）6种算法作为评价模型，使用5折交叉验证和平均绝对误差（ MAE）比较模型的性能。使用SHAP值对影响因素重要性进行分析。结果　特征选择可以显著改善SVR模型性能，因此选取SVR模型作为评价模型，对最终筛选的7个影响因素构建预测模型。优化超参数后模型精密度良好，平均相对误差32．57％，约 57．89％的预测值相对误差在±20％范围内。SHAP结果显示影响因素重要性排序为丙氨酸氨基转移酶、碱性磷酸酶、血小板计数、给药方式、肌酐、总胆红素、降钙素原。结论　使用机器学习特征选择技术可以应用于伏立康唑清除影响因素的筛选。,机器学习,积极
基于机器学习引导信息的A*算法PCB布线优化研究,在现代电子工业中，提高印刷电路板（Printed Circuit Board，PCB）布线的效率和质量是至关重要的。针对现有PCB布线方法面临的效率低下和布线结果不佳的问题，提出了一种结合机器学习与经典A*搜索算法的优化技术。该方法通过训练机器学习模型来预测最佳布线路径，显著减少了A*算法的搜索空间，并提高了搜索效率。在一系列实验中，这种新方法展现了卓越的性能，将搜索空间缩减了12.9%，同时在自建的A*PCB数据集上的推理时间缩短至1.07 s，与传统A*算法相比，提速了15.1%。这一成果不仅提升了自动布线的计算效率，还保证了布线质量，对电子设计自动化领域具有重要意义。,机器学习,积极
基于深度学习的加密流量分类研究综述,随着互联网技术的迅速发展，网络流量类型变得复杂多变。同时为确保数据安全，大量信息通过加密协议进行传输，加密条件下流量原始信息不可见，这导致传统的流量分类方法不再适用。在此背景下，加密流量分类技术应运而生，它旨在识别和区分加密流量的类型和来源。加密流量分类不仅要正确区分各类已知流量做好流量管控，还要识别出可能携带恶意信息的未知流量做好安全防护。本文首先介绍了在通用环境下加密流量分类技术的研究现状，从已知流量分类、未知流量分类和数据集三个方面展开分析，探讨了通用环境下的加密流量分类技术未来发展趋势。并进一步分析了工业互联网这一特定环境下加密流量分类技术研究现状，包括公共流量数据缺乏、工业协议多样、特征提取复杂。最后，展望了未来研究的方向，包括构建高质量数据集、优化特征提取方法、提升未知流量检测准确度。为实现加密流量精准分类以保障网络服务质量和安全防护提供借鉴和启示。,机器学习,积极
基于深度学习的局部放电分类识别研究综述,局部放电(Partial discharge，PD)是表征电气设备绝缘劣化状态的关键诊断指标，可有效诊断电力设备不同类型与不同程度梯度的绝缘缺陷。针对电力设备绝缘诊断评估老大难的问题，目前主要采用的是局放信号模式识别和绝缘状态评估。传统的分类和识别方法需要专家从原始数据中手动提取适当的特征，再使用这些特征来诊断PD类型和严重程度。同时，相关人工智能算法也逐步被开发，将手动提取的有效特征用于机器学习(Machine learning，ML)算法的输入。深度学习(Deep learning，DL)作为一种典型的人工智能算法，比传统ML方法具有更好的准确性，提供了更有效的自动识别技术，被广泛应用于PD的自动特征提取和分类。对DL在局部放电特征分类、状态评估的研究现状进行了分析，并结合智能电网、智慧轨道交通等领域的发展需求，对其未来发展趋势进行了展望。,机器学习,积极
基于深度学习的辽东半岛五龙金矿集区三维矿产资源定量预测,基于数据驱动的三维矿产资源定量预测是实现深部找矿突破的关键技术。相较于浅层机器学习方法，深度学习具备自动提取数据深层次特征及非线性建模的优势。五龙金矿集区是辽东半岛最重要的金矿集区之一，在该区开展深部矿产资源勘查，对于推动辽东地区千吨级黄金战略基地建设具有重要意义。三维矿产资源定量预测所用数据与计算机视觉领域常用的二维像素数据之间存在显著差异，为此，本研究从训练样本构建、深度学习模型设计与训练等角度出发，探讨建立适用于三维矿产资源定量预测的三维卷积神经网络（Convolutional Neural Network，CNN）和循环神经网络（Recurrent Neural Network，RNN）预测模型的过程。对比实验证明，上述两类深度学习模型在研究区三维矿产资源定量预测中优于随机森林模型。最终基于上述研究，本文在五龙金矿集区圈定深部找矿靶区，进一步证实了五龙矿床沿鸡心沟断裂的深部具有较大找矿潜力。,机器学习,积极
基于深度学习的网络流量异常检测算法优化研究,随着大数据、人工智能等网络技术在人们生产生活中的常态化应用，网络流量安全成为当前亟待解决的问题。本文提出了一种基于深度学习的网络流量异常检测算法优化方法。采用卷积神经网络（ convolutional neural network，CNN） ＋长短期记忆（ long short⁃term memory，LSTM）网络组合模型进行局部特征提取和时间序列建模，并通过数据增强和生成对抗网络（ generative adversarial nets，GANs）扩展训练样本，提升模型的泛化能力。实验选用了入侵检测数据集（ NSL⁃KDD）和入侵检测评估数据集（ CICIDS 2017）进行评估，结果表明：该模型在检测精度、召回率和漏报率等指标上表现出色，特别是在复杂流量模式下具备较高的适应性和鲁棒性，为提高网络安全防护提供参考。,机器学习,积极
基于深度学习预测全冠修复体脱落的风险,"目的：临床收集全冠脱落与未脱落病例石膏模型数据集，使用深度学习模型来预测全冠脱落的风险。
方法：临床上收集全冠脱落与未脱落的病例石膏模型，通过口腔扫描仪获得的三维图像生成的二维图像作为数据集，数据集包括20个病例，10个脱落病例以及10个未脱落病例，共16920张图像被随机分配为16200张训练集、360 张测试集及360张验证集，比较CNN、ResNet50和EfficientNetB0 3种模型性能。结果：3种模型的准确率、精确率、 F测量值以及AUC的值分别为0. 995、0. 957、0. 885；0. 993、0. 962、0. 901；0. 991、0. 952、0. 879；0. 999、0. 997、0. 992。
结论：CNN、ResNet50及EfficientNetB0中CNN预测全冠修复体脱落的性能最佳。",机器学习,积极
基于无人机多光谱和机器学习的芦苇地上生物量反演研究,植被地上生物量（ AGB）是反映湿地生态系统功能状态与健康水平的重要生态参数，可为生态系统稳定性分析和碳汇能力评估提供关键支撑。以滨海典型芦苇湿地为研究对象，基于无人机获取的高分辨率多光谱影像和113个实测芦苇AGB样本，系统评估不同特征变量组合的建模效果，并利用随机森林（ RF）算法的重要性分析对变量进行筛选。随后分别构建了RF、 支持向量机（ SVM）和极端梯度提升（ XGBoost）三种机器学习算法模型，对筛选后的特征变量进行建模与精度对比，旨在探索基于低空遥感技术开展湿地植被生物量反演的可行路径，建立适用于湿地生态监测的高效估算框架。研究结果表明，联合使用多光谱波段反射率与植被指数的变量组合显著优于单一变量类型，能够有效提升AGB估算精度。在三种建模算法中，XGBoost模型性能最优，R2为0．731，RMSE为0．184kg ／ m2 ，RPD达到2．431，表现出较强的稳定性与鲁棒性。空间分布分析结果显示，研究区芦苇AGB具有显著的空间异质性，高值区主要分布于水体周边的浅水带及地势低洼区域，而地势较高区域的AGB值相对较低。定量统计显示，研究区芦苇总AGB为3038．78吨，芦苇AGB值范围为0．486—1．705kg ／ m2 ，平均为0．88kg ／ m2。变量贡献分析显示，红边波段及其衍生植被指数，特别是修正型叶绿素吸收反射植被指数（ MCARI） ，在芦苇AGB反演模型中的贡献度较高，表明其在捕捉湿地植被的叶绿素含量和冠层结构变化方面具有较强的敏感性，对AGB的估算精度有显著提升作用。本研究不仅验证了基于无人机多光谱影像结合机器学习算法进行芦苇AGB反演的可行性和有效性，也为后续开展湿地生态系统功能评价、碳储量估算及关键栖息地监测提供了科学依据。,机器学习,积极
基于无人机遥感和机器学习的松材线虫病监测研究,松材线虫病是毁灭性的松树病害，严重威胁我国森林生态安全。及时可靠的获取松材线虫病发生范围和病害程度对于森林管理和病害防控极其重要。然而松材线虫病传播速度快、防治难度大，传统人工调查方法难以满足需求。无人机遥感能够快速、准确的获取森林病虫害空间分布和病害程度，为森林病虫害防治和管理提供可靠的信息支撑。本研究利用无人机获取高分辨率红绿蓝（red-green-blue，R G B）可见光影像，首先使用面向对象的多尺度分割算法进行单木树冠提取， 并计算植被指数（VIs）、纹理特征（GLCM），再利用特征选择算法优化特征集，使用随机森林分类 （Random Forest，RF）和支持向量机分类（Support Vector Machine，SVM）算法构建松材线虫病分类模型，通过消融实验选取最优分类模型，最终实现松材线虫病病害程度和空间分布状况制图。 结果表明：在面向对象单木树冠尺度上不同病害程度的松树冠层植被指数和纹理特征有所差异， 使用植被指数（VIs RF：OA=76.52%，Marco-F1=0.77；SVM：OA=79.68%，Marco-F1=0.79）分类结果精度优于纹理特征（GLCM RF：OA=46.74%，Marco-F1=0.47；SVM：OA=62.09%， Marco-F1=0.54）；相比使用单一特征集，植被指数和纹理特征的组合可显著提高分类精度，说明多特征组合可以有效提高病害分类效果（VIs&GLCM RF：OA=79.47%，Marco-F1=0.80；SVM： OA=85.45%，Marco-F1=0.85）；无论是单一特征集建模，还是组合特征集建模，SVM模型分类效果都优于RF模型。本研究为全面掌握松材线虫病病害程度及空间分布情况提供及时、可靠的信息支持，有助于推动重大林业有害生物防治体系建设，维护生态安全。,机器学习,积极
基于影像组学深度学习肾上腺腺瘤亚分类的价值,目的：针对肾上腺腺瘤患者探究增强CT影像组学深度学习算法实现肾上腺腺瘤全自动分割与亚分类的可行性。方法：回顾性分析2家医院772例病理证实为肾上腺腺瘤的患者，分为开发队列（502例）、 内部验证队列（157例）和外部验证队列（113例）。首先，建立基于深度学习算法的肾上腺腺瘤分割模型用于定位肾上腺及肾上腺腺瘤。其次，基于检测到的肾上腺腺瘤区域，在开发队列中训练深度学习影像组学融合模型区分肾上腺无功能腺瘤、醛固酮腺瘤及皮质醇腺瘤，并在内部和外部验证队列中比较融合模型与影像组学机器学习模型和深度学习模型的性能。结果：肾上腺腺瘤分割模型的Dice中位数为0.898。深度学习影像组学融合模型在内部和外部验证队列的总体诊断准确率分别为80.3%（95% CI: 73.2% ~ 86.2%）和77.9% (95% CI: 69.1% ~ 85.1%)，平均F1评分为80.0%和76.9%，均优于影像组学机器学习模型和深度学习模型。 结论：基于两个验证队列的比较实验表明，将深度学习与影像组学相结合可以提高肾上腺腺瘤分类模型的诊断效能。,机器学习,积极
交通事故智能定责深度学习集成方法研究,为研究道路交通事故当事人责任智能认定方法，将双方当事人责任结果划分为全责-无责、 主责-次责、同等-同等、次责-主责、无责-全责。在基于特征分析和特征工程筛选训练样本特征的基础上，深度离散并独热编码事故特征，结合线性模型和深度神经网络，训练交通事故智能定责深度学习集成模型；对模型的网络结构和超参数进行优化，建立复杂网络结构下的交通事故责任智能认定模型；基于历史交通事故交叉验证模型的可行性。结果表明：深度学习集成方法对交通事故责任认定的准确率有明显提升，对于全责-无责和无责-全责类事故，模型准确率达到0.91，其他认定结果的准确率达到0.78；深度学习集成方法对比传统机器学习准确率提高 30%以上，对比单一全连接神经网络准确率提高8%以上。深度学习集成方法对交通事故智能定责的边界确定具有明显的改善作用。,机器学习,积极
结合小波变换的机器学习模型在波浪预测中的挑战与应对,准确的波浪预测对海洋工程、船舶航行、海岸防护及离岸风电场等领域至关重要。小波变换能够将波浪数据分解为不同频率成分，捕捉波浪的复杂动态变化特征，与机器学习模型结合可以提高波高预测的精度。本研究以最大重叠离散小波变换（Maximal Overlap Discrete Wavelet Transform，MODWT）为例，对结合小波变换过程中可能存在的问题进行了剖析：模型在小波变换的卷积操作中，由于边界处数据缺失或引入非原始数据，会产生边界问题；逆卷积过程则可能引入未来信息导致模型无法在现实中应用。本文指出在输入特征序列前依据滤波器长度和分解级数增加历史数据点，并通过使用分解系数直接预测或采用累加重构的小波变换方法，可以避免边界问题和引入未来信息。尽管结合小波变换的机器学习模型提升波浪预测精度作用有限，但对较长的预测提前期提升效果相对明显。同时，通过控制滤波器长度和小波分解层次避免信息丢失，有利于提高预测精度。本文加深了小波变换在波浪预测机器学习模型中应用的理解，推动小波变换与深度学习在海洋数据处理领域的融合发展。,机器学习,积极
近红外光谱结合深度学习的苹果糖心区域面积占比预测,苹果中糖心区域面积的大小对其口感、售价均有一定的影响，但是经长时间存储的苹果内部糖心会逐渐消失，甚至影响苹果的品质以及售价。为探究近红外光谱数据与苹果糖心区域面积之间的相关性，建立糖心区域面积占比预测模型，以成熟时期的糖心苹果为研究对象，采集其光谱数据，通过对苹果进行切片处理，利用深度学习算法提取各个截面中的糖心区域面积，测定各个截面所提取的糖心区域面积占整个截面面积的比值作为该截面的糖心区域面积占比，并将最大糖心区域面积占比作为其整体糖心区域面积占比测量值。将原始光谱数据进行多元散射校正( MSC)、标准正态变换( SNV)、标准化等多种预处理，并建立偏最小二乘回归( PLSR)、支持向量机( SVM)和随机森林( RF)机器学习预测模型以及卷积神经网络( CNN)、双向长短时记忆网络( BiLSTM)深度学习预测模型，其中使用经标准化预处理之后的光谱数据建立的CNN模型预测效果最优。为进一步提高建模效果，采用无信息变量消除法 ( UVE)、连续投影算法( SPA)、竞争性自适应重加权算法( CARS)等特征提取方法，对预处理之后的数据进行优化，比较不同特征提取方法之间的建模效果。结果表明，CNN卷积神经网络构建的苹果糖心区域面积占比预测模型要优于传统的机器学习建模。其中经标准化预处理，UVE+CARS组合特征提取算法构建的CNN模型预测效果最优，验证集的决定系数( R2)、均方根误差( RMSE)分别为0. 921和1. 882。研究结果表明，近红外光谱结合CNN卷积神经网络建立的苹果糖心预测模型可以较好地对苹果糖心区域面积占比进行预测，为糖心苹果无损检测提供了理论支撑。,机器学习,积极
精准糖尿病治疗：多组学与机器学习在胰岛移植中的潜力,胰岛移植作为一种有效的糖尿病治疗方法，近年来日益受到关注。但胰岛移植面临供者短缺、胰岛分离和移植过程中损失以及需要终身免疫抑制等挑战。随着多组学技术的快速发展以及机器学习算法的广泛应用，研究人员开始探索如何利用这些创新技术提高胰岛移植的成功率并改善患者的生活质量。机器学习在数据整合、模式识别和预测准确性方面展现出独特优势，支持精准预测和个性化治疗策略。多组学与机器学习的结合有望通过优化供受者匹配和个性化免疫抑制方案，革新糖尿病管理并助力精准医学发展。因此，本文就多组学和机器学习在胰岛移植中的应用现状进行综述，探讨其对糖尿病治疗的潜在影响，并展望未来的研究方向，旨在为优化胰岛移植治疗糖尿病的提供参考。,机器学习,积极
利用双注意力机制深度学习模型与无人机多光谱空间数据进行红树林种群识别研究,红树林是热带、亚热带海岸带中最重要的生态系统之一，在维护海洋生物多样性、保持海洋生态平衡过程中扮演重要角色。因此，高效、智能、准确地对红树林及其种群分布进行识别提取并对其进行精细化监测十分必要。本研究提出了一套基于高分辨率无人机多光谱影像对红树林种群分布进行识别提取的深度学习方法。针对无人机多光谱数据特征，通过引入光谱注意力与空间注意力机制构建了适用于红树林种群识别的深度学习模型，有效解决了传统方法对红树林及其种群识别过程中效率较低的问题。本研究对红树林种群识别所用方法的预测结果与其他传统监督分类、无监督分类、机器学习以及部分深度学习方法，包括K均值聚类法、ISODATA聚类分析、随机森林模型( RF)、支持向量机模型( SVM)等进行了比较。结果显示，本研究所用方法对红树林种群识别得到的预测结果，在Kappa系数和总体分类精度( OA)指标方面的表现均为最佳，分别达到0. 81和0. 87。对比结果表明本研究提出的改进模型及其红树林种群分类识别方法的可行性，为高分辨率多光谱无人机对红树林及其种群进行精细化实时监测提供了一种高效的解决方案。,机器学习,积极
零工经济背景下职业属性与平台灵活用工匹配——基于机器学习的实证分析*,随着零工经济的飞速发展，平台灵活用工模式被广泛推广，为劳动力市场提供了众多就业岗位。本文选取以职业属性为核心的特征作为输入变量，采用决策树、随机森林、逻辑回归3种机器学习模型，寻找适配平台灵活用工模式的职业属性，评估零工经济下不同职业的平台灵活用工度，预测何种职业将与平台高效匹配，考察用工刚性宽度对平台灵活用工度的影响，探究劳动者对平台灵活用工的选择偏好。研究发现：（1）中国36.69%的职业对平台灵活用工具有高适配度， 未来可扩大这些职业用工形式，以创造更多就业机会。职业属性对职业实现平台灵活用工发挥着重要作用，其中从属性维度的影响最大，技能性、风险性和固定性等维度的影响依次降低。（2）职业用工刚性宽度决定平台灵活用工度。用工刚性宽度越小，职业越适配平台灵活用工。（3）平台灵活用工具有劳动选择偏好的特征，女性、低学历、中高龄劳动者的平台灵活用工度更高。本文为政府创造就业机会并制定适宜的就业政策、平台高效匹配劳动力资源、劳动者实现高质量充分就业提供有益借鉴。,机器学习,积极
深度学习编译器研究综述,随着人工智能的快速发展，越来越多的神经网络模型和算法相继涌现。与此同时，摩尔定律逐渐失效，新型加速器和计算机体系架构层出不穷，这推动了神经网络模型在这些新硬件平台上实现高效部署的迫切需求，在此背景下，深度学习编译器应运而生。与传统编译器不同，深度学习编译器将不同的网络模型作为输入，采用多级中间表示设计，逐层优化模型，并在编译器后端针对特定硬件架构进行优化，最终生成优化后的可执行程序。本文首先介绍了深度学习编译器的通用框架，包括各个核心组件和总体流程； 随后，系统分类地探讨了编译器的各类优化技术，并对近年来的研究进展进行总结，揭示了领域内的热点和发展趋势。最后，本文整理了现阶段的深度学习编译器研究，并根据现有研究现状，展望了未来的研究方向。,机器学习,积极
深度学习模型在药物组合协同效应预测的应用,"通过药物组合综合治疗疾病被广泛认为是一种有效方法，但现有药物组合的发现多依靠于剂量效应下针对药物靶点
谱及细胞系的筛选，存在对时间、金钱和人力资源上极大程度的浪费。深度学习模型被应用于预测药物组合的协同效应， 以提高治疗效果并减少不良反应，逐渐成为预测药物组合及其效应的一种机器学习手段。本文从多模型角度对基于深度学习的药物组合协同效应预测进行综述，重点讨论各种深度学习模型在药物预测方面具有的优势及局限性，并对相关评估指标进行综合评价。这些方法不仅展现人工智能技术的前沿性和广泛性，一定程度规避剂量效应带来的影响，同时还为中医药提供新的启示，表明利用现代科技手段解析传统药物组合的科学内涵，有望促进中医药的现代化发展。",机器学习,积极
深度学习驱动的软件漏洞预测:问题、进展与挑战,"软件漏洞是软件中易于被攻击利用的代码片段,确保软件不易受到攻击是软件开发中必须重视的安全性需求.软件漏洞预测是指对软件代码进行分析预测,从而及时找出潜在的漏洞.深度学习驱动的软件漏洞预测是近年来一个热门的研究领域,时间跨度大、研究数目众多、研究成果丰厚.为梳理相关研究成果、总结研究热点,对 2017–2024年间发表的151篇深度学习驱动的软件漏洞预测相关的文献进行综述,总结相关文献的研究问题、进展以及遇到的问题与挑战等内容,为后续研究提供参考.",机器学习,消极
深度学习在高能核物理中的前沿进展,随着高能核物理研究进入多维度、高复杂度数据分析阶段，深度学习技术正逐步成为理解极端条件下核物质行为的关键工具，并推动研究范式从经验驱动向数据驱动的根本转变。本文简要梳理了机器学习在该领域的演进，并着重介绍了深度学习方法在其中的前沿进展：早期（20世纪末至21世纪10年代）研究主要采用人工神经网络和支持向量机等传统算法，通过核质量预测、相变识别等任务验证了机器学习处理核物理问题的可行性，但受限于人工特征提取和计算能力的制约，尚未触及物理特征的自主挖掘；深度学习时代（21世纪10年代至今），研究者创新性地引入点云网络架构，通过直接处理末态粒子四动量数据，不仅突破了传统方法依赖人工构造统计观测量的局限，更开启了从数据表象到物理实在认知跃迁的进程。与此同时，无监督学习方法推动研究重心从假设验证转向数据驱动的物理规律自主发现，不仅实现了异常信号的敏锐捕捉，更催生出物理现象涌现性研究的新思路。展望未来，从发展包含物理先验的深度学习算法以提升模型的物理含义，到元学习与自监督框架深化稀有事件分析；从量子机器学习加速提取高维数据特征，到生成式模型重构物理数据生态，这些发展或将推动高能核物理从观测数据的被动解释转向物理规律的主动发现，从局部特征的碎片化分析转向系统行为的整体性认知，最终有可能构建具有自主知识发现能力的智能物理研究体系。,机器学习,积极
深度学习在航天遥测信息传输中的应用综述*,在航天遥测信息传输领域，深度学习技术的应用日益受到关注。综述了深度学习技术在解决航天遥测信息传输中面临的数据量大、通信实时性高、易受干扰和路径损失大等问题中的应用。 通过分析深度学习在优化遥测数据传输体量、提升传输效率、保障传输安全和减少传输误差等方面的进展，揭示了深度学习技术在提高航天遥测信息传输性能中的潜力。同时，还探讨了深度学习技术在航天遥测信息传输中面临的挑战，并提出了相应的研究思路，旨在为构建智能化航天遥测信息传输系统提供理论支持和实践指导。,机器学习,积极
现代成像技术与机器学习驱动的植物物候观测与预测研究进展,植物物候学研究植物生长周期和自然环境周期变化的关联性，传统人工监测效率有限，而现代成像传感器技术通过高通量、多尺度的表型数据采集，结合机器学习构建物候模型，可精准识别关键时间节点，实现生长周期预测，为植物监测和良种选育提供技术支持。该研究介绍了人工以及传感器两种物候观测方法，分析了近端感知系统、物候通量塔、无人机平台、卫星遥感平台在物候观测与数据采集的应用，基于机器学习，结合影响因子模型与数据驱动模型，总结了其在种内物候、种间物候、群落物候的应用。研究表明成像技术与机器学习算法的深度耦合正推动植物物候观测的自动化以及预测的精确化。针对数据时空覆盖不足、多模态特征融合困难、模型跨尺度泛化能力弱的挑战，未来植物物候研究将围绕多尺度长周期监测、成像传感器数据融合、空天地平台协同采集、提升预测模型的自学习和优化能力，依托AI大模型实现跨平台的模型校准验证等方面开展，加速植物物候监测的自动化、数字化与信息化进程。,机器学习,积极
有机分子晶体结构预测方法及应用进展:传统技术与机器学习的结合,"晶体结构预测(crystal structure prediction, CSP)技术能够仅依赖分子式预测材料的晶体结构,其在识别稳定结构和探索多晶型方面展现出独特的优势,已成为材料科学、药物学等领域不可或缺的工具.自20世纪末以来, CSP方法经历了从初期侧重技术实现的探索,到逐步实现高通量精确计算的阶段,并发展为一种能够全面探索高维势能面、精确排序分子晶体能量的综合性算法.本文综述了有机分子CSP的主要方法及策略,同时介绍了机器学习等新技术在CSP领域的引入和应用情况,并讨论了这些技术展现出的巨大潜力.本文旨在为读者提供全面、系统的CSP技术进展回顾,探讨当前的应用现状与挑战,并展望机器学习为该领域带来的新机遇,促进CSP技术在多领域的深入应用和跨学科融合.",机器学习,积极
职业院校学习者深度学习的关联影响因素研究,随着生成式人工智能技术的兴起，充分展现了机器深度学习带来的无限潜能。对于学习者深度学习的研究目前主要集中在深度学习方式、策略和评价三个方面，未从可评、可测、可量的角度揭示学习者深度学习是否发生以及关联影响因素。结合高等职业院校学生学习特点，采用混合分析法，以机器深度学习的视角，基于班杜拉三元交互理论在宏观层面构建分析框架，从个人、行为和环境三因素方面深入挖掘影响学生深度学习的关联因素；从微观层面深入职业教育教学一线，利用实际数据和机器学习算法进行关联影响因素的实证分析。结果显示课堂表现较好的学生深度学习特征明显；得分越高的学生，深度学习的可能性越大；良好的学习环境有助于学生深度学习；学生的课程总评成绩与是否深度学习并不完全呈正相关。本研究为促进深度学习在教育教学中的有效应用提供了参考。,机器学习,积极
智能反应优化：深度学习与优化算法驱动的乙酰水杨酸合成,在本科实验设计中，需要经过大量的试错实验来寻找最优的反应条件，这一过程需要消耗大量的时间和成本。 为了简化复杂的实验设计过程，同时激发学生对先进技术和跨学科领域的兴趣，培养多学科交叉的创新型人才，本研究创新性地提出了智能反应优化的模型框架以预测最优产率下的反应条件组合，并将这一模块加入到本科有机实验乙酰水杨酸的合成中。本研究收集了1054个符合这一反应机理的反应数据作为模型的训练数据，主要包括了产物、 反应物、催化剂、溶剂、主要反应试剂、反应温度和产率。首先预训练了一个基于化学多模态的产率预测模型，作为后续反应优化的目标函数；接着采用贝叶斯优化算法，以最小化产率的负值(即最大化产率)为目标，确定最优的反应条件组合；最后将模型预测的产率和实际产率进行了实验验证，在100次模型测试下的预测产率都完美地落在了实际产率范围内，效果优异的同时还给出了产率高达90.1%的反应试剂组合，为这一本科实验提供了多样化的实验方案。,机器学习,积极
